{"cameraMode":{"drawMode":0,"name":"Shaded","section":"Shading Mode"},"sceneLighting":false,"audioPlay":false,"sceneViewState":{"showFog":true,"showMaterialUpdate":true,"showSkybox":false,"showFlares":true,"showImageEffects":true,"showParticleSystems":true},"in2DMode":false,"pivot":{"x":-5.847480773925781,"y":3.1294164657592775,"z":-1.4942775964736939},"rotation":{"x":0.15821605920791627,"y":0.6637182831764221,"z":-0.15381890535354615,"w":0.715503454208374},"size":19.739681243896486,"orthographic":false}