{"cameraMode":{"drawMode":0,"name":"Shaded","section":"Shading Mode"},"sceneLighting":false,"audioPlay":false,"sceneViewState":{"showFog":true,"showMaterialUpdate":false,"showSkybox":false,"showFlares":true,"showImageEffects":true,"showParticleSystems":true},"in2DMode":false,"pivot":{"x":1010.1298828125,"y":501.42230224609377,"z":0.0},"rotation":{"x":0.10213281959295273,"y":-0.0011825058609247208,"z":0.00013114158355165273,"w":0.9947835206985474},"size":394.0076904296875,"orthographic":false}