{"cameraMode":{"drawMode":0,"name":"Shaded","section":"Shading Mode"},"sceneLighting":false,"audioPlay":false,"sceneViewState":{"showFog":true,"showMaterialUpdate":true,"showSkybox":false,"showFlares":true,"showImageEffects":true,"showParticleSystems":true},"in2DMode":false,"pivot":{"x":27.03997802734375,"y":-0.6562728881835938,"z":7.239017486572266},"rotation":{"x":0.22059062123298646,"y":0.0023083097767084839,"z":-0.005708674434572458,"w":0.9759411215782166},"size":33.35893630981445,"orthographic":false}