{"cameraMode":{"drawMode":0,"name":"Shaded","section":"Shading Mode"},"sceneLighting":false,"audioPlay":false,"sceneViewState":{"showFog":true,"showMaterialUpdate":true,"showSkybox":false,"showFlares":true,"showImageEffects":true,"showParticleSystems":true},"in2DMode":false,"pivot":{"x":27.466032028198243,"y":-4.246307373046875,"z":0.14499664306640626},"rotation":{"x":0.17737816274166108,"y":0.5944993495941162,"z":-0.14321382343769074,"w":0.7718527913093567},"size":40.922637939453128,"orthographic":false}