{"cameraMode":{"drawMode":0,"name":"Shaded","section":"Shading Mode"},"sceneLighting":false,"audioPlay":false,"sceneViewState":{"showFog":true,"showMaterialUpdate":true,"showSkybox":true,"showFlares":true,"showImageEffects":true,"showParticleSystems":true},"in2DMode":false,"pivot":{"x":-23.732391357421876,"y":-26.09465789794922,"z":141.02529907226563},"rotation":{"x":0.13539601862430573,"y":-0.692147433757782,"z":0.12668010592460633,"w":0.6984223127365112},"size":106.52656555175781,"orthographic":false}