{"cameraMode":{"drawMode":0,"name":"Shaded","section":"Shading Mode"},"sceneLighting":true,"audioPlay":false,"sceneViewState":{"showFog":true,"showMaterialUpdate":true,"showSkybox":true,"showFlares":true,"showImageEffects":true,"showParticleSystems":true},"in2DMode":false,"pivot":{"x":30.190000534057618,"y":2.508904457092285,"z":-19.469999313354493},"rotation":{"x":0.2430858463048935,"y":-0.26347795128822329,"z":0.06856560707092285,"w":0.9311274886131287},"size":41.530128479003909,"orthographic":true}