{"cameraMode":{"drawMode":0,"name":"Shaded","section":"Shading Mode"},"sceneLighting":false,"audioPlay":false,"sceneViewState":{"showFog":true,"showMaterialUpdate":true,"showSkybox":false,"showFlares":true,"showImageEffects":true,"showParticleSystems":true},"in2DMode":false,"pivot":{"x":65.80000305175781,"y":2.418504238128662,"z":140.0},"rotation":{"x":-0.03725643828511238,"y":0.8813273906707764,"z":-0.06036635860800743,"w":-0.4684213697910309},"size":7.727792263031006,"orthographic":false}