{"cameraMode":{"drawMode":0,"name":"Shaded","section":"Shading Mode"},"sceneLighting":false,"audioPlay":false,"sceneViewState":{"showFog":true,"showMaterialUpdate":true,"showSkybox":false,"showFlares":true,"showImageEffects":true,"showParticleSystems":true},"in2DMode":false,"pivot":{"x":65.80000305175781,"y":2.418504238128662,"z":140.0},"rotation":{"x":0.02000497467815876,"y":0.9194342494010925,"z":-0.38990357518196108,"w":0.05850542336702347},"size":7.727792263031006,"orthographic":false}