{"cameraMode":{"drawMode":0,"name":"Shaded","section":"Shading Mode"},"sceneLighting":false,"audioPlay":false,"sceneViewState":{"showFog":true,"showMaterialUpdate":false,"showSkybox":false,"showFlares":true,"showImageEffects":true,"showParticleSystems":true},"in2DMode":false,"pivot":{"x":2.7243523597717287,"y":0.9700000286102295,"z":-1.4064598083496094},"rotation":{"x":0.2958202660083771,"y":-0.0011335788294672967,"z":0.00036129873478785157,"w":0.9552571177482605},"size":5.7157673835754398,"orthographic":false}