{"cameraMode":{"drawMode":0,"name":"Shaded","section":"Shading Mode"},"sceneLighting":true,"audioPlay":false,"sceneViewState":{"showFog":true,"showMaterialUpdate":false,"showSkybox":true,"showFlares":true,"showImageEffects":true,"showParticleSystems":true},"in2DMode":false,"pivot":{"x":625.42822265625,"y":335.85540771484377,"z":378.79888916015627},"rotation":{"x":-0.007810175884515047,"y":0.0035974429920315744,"z":-0.00003772896161535755,"w":-0.9999693036079407},"size":1253.652099609375,"orthographic":false}