{"cameraMode":{"drawMode":0,"name":"Shaded","section":"Shading Mode"},"sceneLighting":false,"audioPlay":false,"sceneViewState":{"showFog":true,"showMaterialUpdate":true,"showSkybox":false,"showFlares":true,"showImageEffects":true,"showParticleSystems":true},"in2DMode":false,"pivot":{"x":47.6909065246582,"y":0.41461658477783205,"z":-12.25638198852539},"rotation":{"x":0.2555902898311615,"y":-0.0007990777376107872,"z":-0.005013265181332827,"w":0.9673711061477661},"size":23.9426326751709,"orthographic":false}