{"cameraMode":{"drawMode":0,"name":"Shaded","section":"Shading Mode"},"sceneLighting":false,"audioPlay":false,"sceneViewState":{"showFog":true,"showMaterialUpdate":true,"showSkybox":false,"showFlares":true,"showImageEffects":true,"showParticleSystems":true},"in2DMode":false,"pivot":{"x":81.92953491210938,"y":1.6845035552978516,"z":-13.3651762008667},"rotation":{"x":0.1142667680978775,"y":0.56270432472229,"z":-0.0851357951760292,"w":0.8149966597557068},"size":34.05907440185547,"orthographic":false}