{"cameraMode":{"drawMode":0,"name":"Shaded","section":"Shading Mode"},"sceneLighting":false,"audioPlay":false,"sceneViewState":{"showFog":true,"showMaterialUpdate":false,"showSkybox":false,"showFlares":true,"showImageEffects":true,"showParticleSystems":true},"in2DMode":false,"pivot":{"x":-5.4298624992370609,"y":4.653183937072754,"z":-3.2534427642822267},"rotation":{"x":-0.26119887828826907,"y":-0.018247900530695916,"z":0.00492624007165432,"w":-0.9651073813438416},"size":18.971389770507814,"orthographic":false}