{"cameraMode":{"drawMode":0,"name":"Shaded","section":"Shading Mode"},"sceneLighting":true,"audioPlay":false,"sceneViewState":{"showFog":true,"showMaterialUpdate":true,"showSkybox":true,"showFlares":true,"showImageEffects":true,"showParticleSystems":true},"in2DMode":false,"pivot":{"x":4.8816375732421879,"y":13.193819046020508,"z":134.06332397460938},"rotation":{"x":0.06106463819742203,"y":-0.7172633409500122,"z":0.05608529970049858,"w":0.6927348375320435},"size":117.00420379638672,"orthographic":false}