{"cameraMode":{"drawMode":0,"name":"Shaded","section":"Shading Mode"},"sceneLighting":false,"audioPlay":false,"sceneViewState":{"showFog":true,"showMaterialUpdate":true,"showSkybox":true,"showFlares":true,"showImageEffects":true,"showParticleSystems":true},"in2DMode":false,"pivot":{"x":58.66828536987305,"y":-19.861473083496095,"z":61.96998596191406},"rotation":{"x":-0.013534856960177422,"y":0.9799607396125794,"z":-0.19671158492565156,"w":-0.04456707835197449},"size":140.76303100585938,"orthographic":false}