{"cameraMode":{"drawMode":0,"name":"Shaded","section":"Shading Mode"},"sceneLighting":false,"audioPlay":false,"sceneViewState":{"showFog":true,"showMaterialUpdate":false,"showSkybox":false,"showFlares":true,"showImageEffects":true,"showParticleSystems":true},"in2DMode":false,"pivot":{"x":-5.929999828338623,"y":2.8358774185180666,"z":-4.510000228881836},"rotation":{"x":-0.33707839250564577,"y":0.001971067162230611,"z":-0.000718406168743968,"w":-0.9414819478988648},"size":8.220337867736817,"orthographic":false}