{"cameraMode":{"drawMode":0,"name":"Shaded","section":"Shading Mode"},"sceneLighting":false,"audioPlay":false,"sceneViewState":{"showFog":true,"showMaterialUpdate":true,"showSkybox":false,"showFlares":true,"showImageEffects":true,"showParticleSystems":true},"in2DMode":false,"pivot":{"x":41.271400451660159,"y":3.326052665710449,"z":-9.480356216430664},"rotation":{"x":0.25450176000595095,"y":-0.1108362078666687,"z":0.02409079484641552,"w":0.9610010385513306},"size":23.9426326751709,"orthographic":false}