{"cameraMode":{"drawMode":0,"name":"Shaded","section":"Shading Mode"},"sceneLighting":false,"audioPlay":false,"sceneViewState":{"showFog":true,"showMaterialUpdate":true,"showSkybox":true,"showFlares":true,"showImageEffects":true,"showParticleSystems":true},"in2DMode":false,"pivot":{"x":31.95587921142578,"y":-8.865997314453125,"z":118.27226257324219},"rotation":{"x":0.14537277817726136,"y":-0.7845759391784668,"z":0.190524160861969,"w":0.5729088187217712},"size":93.69068145751953,"orthographic":false}