{"cameraMode":{"drawMode":0,"name":"Shaded","section":"Shading Mode"},"sceneLighting":false,"audioPlay":false,"sceneViewState":{"showFog":true,"showMaterialUpdate":true,"showSkybox":true,"showFlares":true,"showImageEffects":true,"showParticleSystems":true},"in2DMode":false,"pivot":{"x":532.481689453125,"y":192.22708129882813,"z":404.8116455078125},"rotation":{"x":0.06625998765230179,"y":0.0072504496201872829,"z":-0.005767563357949257,"w":0.9983765482902527},"size":1437.9727783203125,"orthographic":false}