{"cameraMode":{"drawMode":0,"name":"Shaded","section":"Shading Mode"},"sceneLighting":false,"audioPlay":false,"sceneViewState":{"showFog":true,"showMaterialUpdate":true,"showSkybox":false,"showFlares":true,"showImageEffects":true,"showParticleSystems":true},"in2DMode":false,"pivot":{"x":-1.2540264129638672,"y":-0.6248455047607422,"z":5.841485977172852},"rotation":{"x":0.2291615903377533,"y":-0.21187756955623628,"z":0.04635099694132805,"w":0.9495078325271606},"size":27.112266540527345,"orthographic":false}