{"cameraMode":{"drawMode":0,"name":"Shaded","section":"Shading Mode"},"sceneLighting":false,"audioPlay":false,"sceneViewState":{"showFog":true,"showMaterialUpdate":true,"showSkybox":false,"showFlares":true,"showImageEffects":true,"showParticleSystems":true},"in2DMode":false,"pivot":{"x":72.77670288085938,"y":4.039679527282715,"z":-8.110759735107422},"rotation":{"x":0.21314169466495515,"y":0.14250172674655915,"z":-0.03666200116276741,"w":0.966477632522583},"size":33.35893630981445,"orthographic":false}