{"cameraMode":{"drawMode":0,"name":"Shaded","section":"Shading Mode"},"sceneLighting":false,"audioPlay":false,"sceneViewState":{"showFog":true,"showMaterialUpdate":true,"showSkybox":false,"showFlares":true,"showImageEffects":true,"showParticleSystems":true},"in2DMode":false,"pivot":{"x":29.885581970214845,"y":2.250277519226074,"z":-6.851444244384766},"rotation":{"x":0.16180527210235597,"y":0.10019733756780625,"z":-0.021654251962900163,"w":0.9820741415023804},"size":23.94263458251953,"orthographic":false}