{"cameraMode":{"drawMode":0,"name":"Shaded","section":"Shading Mode"},"sceneLighting":false,"audioPlay":false,"sceneViewState":{"showFog":true,"showMaterialUpdate":true,"showSkybox":false,"showFlares":true,"showImageEffects":true,"showParticleSystems":true},"in2DMode":false,"pivot":{"x":31.851839065551759,"y":2.642873764038086,"z":-9.817853927612305},"rotation":{"x":0.19677558541297913,"y":0.03774970397353172,"z":-0.012743908911943436,"w":0.9802301526069641},"size":23.94263458251953,"orthographic":false}