{"cameraMode":{"drawMode":0,"name":"Shaded","section":"Shading Mode"},"sceneLighting":false,"audioPlay":false,"sceneViewState":{"showFog":true,"showMaterialUpdate":false,"showSkybox":false,"showFlares":true,"showImageEffects":true,"showParticleSystems":true},"in2DMode":false,"pivot":{"x":192.8312225341797,"y":136.61830139160157,"z":-128.53814697265626},"rotation":{"x":0.1733715534210205,"y":-0.02691093273460865,"z":0.004708252847194672,"w":0.9845279455184937},"size":8.653450012207032,"orthographic":false}