{"cameraMode":{"drawMode":0,"name":"Shaded","section":"Shading Mode"},"sceneLighting":false,"audioPlay":false,"sceneViewState":{"showFog":true,"showMaterialUpdate":false,"showSkybox":true,"showFlares":true,"showImageEffects":true,"showParticleSystems":true},"in2DMode":false,"pivot":{"x":71.33838653564453,"y":2.129941940307617,"z":121.77818298339844},"rotation":{"x":-0.046624328941106799,"y":0.6928472518920898,"z":-0.04495188221335411,"w":-0.718224287033081},"size":2.813260555267334,"orthographic":false}