{"cameraMode":{"drawMode":0,"name":"Shaded","section":"Shading Mode"},"sceneLighting":false,"audioPlay":false,"sceneViewState":{"showFog":true,"showMaterialUpdate":false,"showSkybox":true,"showFlares":true,"showImageEffects":true,"showParticleSystems":true},"in2DMode":false,"pivot":{"x":-113.48869323730469,"y":-0.2564401626586914,"z":15.223011016845704},"rotation":{"x":-0.1997826248407364,"y":-0.6882147789001465,"z":0.20634755492210389,"w":-0.6662845015525818},"size":37.92035675048828,"orthographic":false}