{"cameraMode":{"drawMode":0,"name":"Shaded","section":"Shading Mode"},"sceneLighting":false,"audioPlay":false,"sceneViewState":{"showFog":true,"showMaterialUpdate":false,"showSkybox":true,"showFlares":true,"showImageEffects":true,"showParticleSystems":true},"in2DMode":false,"pivot":{"x":-75.34626007080078,"y":35.62056350708008,"z":147.03347778320313},"rotation":{"x":-0.013368608430027962,"y":0.9555951952934265,"z":-0.29121658205986025,"w":-0.04387587308883667},"size":52.78786849975586,"orthographic":false}