{"cameraMode":{"drawMode":0,"name":"Shaded","section":"Shading Mode"},"sceneLighting":false,"audioPlay":false,"sceneViewState":{"showFog":true,"showMaterialUpdate":false,"showSkybox":true,"showFlares":true,"showImageEffects":true,"showParticleSystems":true},"in2DMode":false,"pivot":{"x":42.5725212097168,"y":6.1557464599609379,"z":1.5446243286132813},"rotation":{"x":0.19996215403079987,"y":0.0026236078701913358,"z":-0.0005517621175386012,"w":0.9798639416694641},"size":32.43349075317383,"orthographic":false}