{"cameraMode":{"drawMode":0,"name":"Shaded","section":"Shading Mode"},"sceneLighting":false,"audioPlay":false,"sceneViewState":{"showFog":true,"showMaterialUpdate":false,"showSkybox":false,"showFlares":true,"showImageEffects":true,"showParticleSystems":true},"in2DMode":false,"pivot":{"x":-3.1034984588623049,"y":1.2747259140014649,"z":-4.308011531829834},"rotation":{"x":0.233928844332695,"y":-0.6659196019172669,"z":0.23277832567691804,"w":0.6690993905067444},"size":24.13762664794922,"orthographic":false}