{"cameraMode":{"drawMode":0,"name":"Shaded","section":"Shading Mode"},"sceneLighting":false,"audioPlay":false,"sceneViewState":{"showFog":true,"showMaterialUpdate":false,"showSkybox":false,"showFlares":true,"showImageEffects":true,"showParticleSystems":true},"in2DMode":false,"pivot":{"x":65.43121337890625,"y":2.117145538330078,"z":145.35903930664063},"rotation":{"x":0.05877590924501419,"y":-0.004497890826314688,"z":0.0002582290908321738,"w":0.9982724189758301},"size":13.968072891235352,"orthographic":false}