{"cameraMode":{"drawMode":0,"name":"Shaded","section":"Shading Mode"},"sceneLighting":true,"audioPlay":false,"sceneViewState":{"showFog":true,"showMaterialUpdate":false,"showSkybox":true,"showFlares":true,"showImageEffects":true,"showParticleSystems":true},"in2DMode":false,"pivot":{"x":510.5498046875,"y":206.77072143554688,"z":13.42425537109375},"rotation":{"x":-0.040796197950839999,"y":0.012588543817400933,"z":-0.000500184076372534,"w":-0.9991064667701721},"size":709.3934326171875,"orthographic":false}