{"cameraMode":{"drawMode":0,"name":"Shaded","section":"Shading Mode"},"sceneLighting":true,"audioPlay":false,"sceneViewState":{"showFog":true,"showMaterialUpdate":false,"showSkybox":true,"showFlares":true,"showImageEffects":true,"showParticleSystems":true},"in2DMode":false,"pivot":{"x":63.53132629394531,"y":-3.797039031982422,"z":28.33971405029297},"rotation":{"x":-0.2992416322231293,"y":0.6405354142189026,"z":-0.2990538477897644,"w":-0.6409154534339905},"size":40.437950134277347,"orthographic":false}